{"pinPosition":{"x":541.619384765625,"y":88.0793228149414}}